{
    "ret": 0.2435467675002541,
    "mtx": [
        [
            1011.2689289944011,
            0.0,
            653.5876983943167
        ],
        [
            0.0,
            1009.7164503117077,
            366.68748093708683
        ],
        [
            0.0,
            0.0,
            1.0
        ]
    ],
    "dist": [
        [
            -0.027782892921017956,
            -0.2435837466339206,
            -0.0009483425616951452,
            0.001670278944938629,
            0.5630343555960309
        ]
    ],
    "rvecs": [
        [
            [
                -0.23577479055194725
            ],
            [
                0.42368783542646815
            ],
            [
                1.5676874944574375
            ]
        ],
        [
            [
                -0.26647258426094605
            ],
            [
                0.16503800548853292
            ],
            [
                0.01641898075766581
            ]
        ],
        [
            [
                -0.22148226434842722
            ],
            [
                0.43022806854122947
            ],
            [
                -0.011374292680796644
            ]
        ],
        [
            [
                -0.3967183367578497
            ],
            [
                -0.5001261171290151
            ],
            [
                -1.5224515568074757
            ]
        ]
    ],
    "tvecs": [
        [
            [
                3.3027396653445904
            ],
            [
                -4.14748737129931
            ],
            [
                19.142424518131598
            ]
        ],
        [
            [
                -9.183047963694994
            ],
            [
                -4.488550984842093
            ],
            [
                19.76513535029365
            ]
        ],
        [
            [
                4.611627298988999
            ],
            [
                -4.575784176548709
            ],
            [
                24.32997794354144
            ]
        ],
        [
            [
                -2.0156138540744744
            ],
            [
                4.374451441407277
            ],
            [
                19.076237120172053
            ]
        ]
    ]
}